{
  "eval_path": "data/eval_750.jsonl",
  "fact_threshold": 0.6,
  "agreement_threshold": 2,
  "ensemble_mode": "fact_agreement",
  "models": {
    "phi35_ft": {
      "key_fact_f1": 0.0,
      "key_fact_precision": 0.0,
      "key_fact_recall": 0.0,
      "token_f1": 0.044607007344234395,
      "rouge_l": 0.03040887814423497,
      "valid_json_rate": 0.76,
      "structure_compliance_rate": 0.13866666666666666,
      "valid_bullet_count_rate": 0.14,
      "valid_key_fact_count_rate": 0.15333333333333332,
      "agreement_rate": 0.0,
      "avg_agreement_per_example": 0.0,
      "key_fact_f1_variance": 0.0,
      "examples": 750,
      "latency_sec_total": 4127.505536079407,
      "examples_per_sec": 0.18170781200511785,
      "prompt_tokens_per_example": 159.92133333333334,
      "tokens_per_example": 253.12133333333333,
      "total_generated_tokens": 189841,
      "gpu_hours": 1.146529315577613,
      "estimated_cost_usd": 2.0637527680397034,
      "cache_path": "outputs/eval_cache_pg_full/phi35_ft.jsonl"
    },
    "granite33_2b_ft": {
      "key_fact_f1": 0.00026666666666666673,
      "key_fact_precision": 0.0002666666666666667,
      "key_fact_recall": 0.0002666666666666667,
      "token_f1": 0.031347821738489275,
      "rouge_l": 0.01979282778467112,
      "valid_json_rate": 0.628,
      "structure_compliance_rate": 0.09466666666666666,
      "valid_bullet_count_rate": 0.14666666666666667,
      "valid_key_fact_count_rate": 0.12933333333333333,
      "agreement_rate": 0.0,
      "avg_agreement_per_example": 0.0,
      "key_fact_f1_variance": 5.3262222222222245e-05,
      "examples": 750,
      "latency_sec_total": 5474.045247793198,
      "examples_per_sec": 0.13701019375065532,
      "prompt_tokens_per_example": 151.53466666666668,
      "tokens_per_example": 223.62533333333334,
      "total_generated_tokens": 167719,
      "gpu_hours": 1.5205681243869993,
      "estimated_cost_usd": 2.737022623896599,
      "cache_path": "outputs/eval_cache_pg_full/granite33_2b_ft.jsonl"
    }
  },
  "ensemble_ft": {
    "key_fact_f1": 0.00026666666666666673,
    "key_fact_precision": 0.0002666666666666667,
    "key_fact_recall": 0.0002666666666666667,
    "token_f1": 0.07105170238971985,
    "rouge_l": 0.047070272438496034,
    "valid_json_rate": 0.21866666666666668,
    "structure_compliance_rate": 0.21866666666666668,
    "valid_bullet_count_rate": 0.21866666666666668,
    "valid_key_fact_count_rate": 0.21866666666666668,
    "agreement_rate": 0.0014603174603174602,
    "avg_agreement_per_example": 0.2201269841269841,
    "key_fact_f1_variance": 5.3262222222222245e-05,
    "examples": 750,
    "failure_case_count": 0,
    "latency_sec_total": 9601.550783872604,
    "examples_per_sec": 0.07811238172689242,
    "tokens_per_example": 476.74666666666667,
    "total_generated_tokens": 357560,
    "gpu_hours": 2.6670974399646123,
    "estimated_cost_usd": 4.800775391936303
  },
  "baselines": {
    "base_single_slms": {},
    "finetuned_single_slms": {
      "phi35_ft": {
        "key_fact_f1": 0.0,
        "key_fact_precision": 0.0,
        "key_fact_recall": 0.0,
        "token_f1": 0.044607007344234395,
        "rouge_l": 0.03040887814423497,
        "valid_json_rate": 0.76,
        "structure_compliance_rate": 0.13866666666666666,
        "valid_bullet_count_rate": 0.14,
        "valid_key_fact_count_rate": 0.15333333333333332,
        "agreement_rate": 0.0,
        "avg_agreement_per_example": 0.0,
        "key_fact_f1_variance": 0.0,
        "examples": 750,
        "latency_sec_total": 4127.505536079407,
        "examples_per_sec": 0.18170781200511785,
        "prompt_tokens_per_example": 159.92133333333334,
        "tokens_per_example": 253.12133333333333,
        "total_generated_tokens": 189841,
        "gpu_hours": 1.146529315577613,
        "estimated_cost_usd": 2.0637527680397034,
        "cache_path": "outputs/eval_cache_pg_full/phi35_ft.jsonl"
      },
      "granite33_2b_ft": {
        "key_fact_f1": 0.00026666666666666673,
        "key_fact_precision": 0.0002666666666666667,
        "key_fact_recall": 0.0002666666666666667,
        "token_f1": 0.031347821738489275,
        "rouge_l": 0.01979282778467112,
        "valid_json_rate": 0.628,
        "structure_compliance_rate": 0.09466666666666666,
        "valid_bullet_count_rate": 0.14666666666666667,
        "valid_key_fact_count_rate": 0.12933333333333333,
        "agreement_rate": 0.0,
        "avg_agreement_per_example": 0.0,
        "key_fact_f1_variance": 5.3262222222222245e-05,
        "examples": 750,
        "latency_sec_total": 5474.045247793198,
        "examples_per_sec": 0.13701019375065532,
        "prompt_tokens_per_example": 151.53466666666668,
        "tokens_per_example": 223.62533333333334,
        "total_generated_tokens": 167719,
        "gpu_hours": 1.5205681243869993,
        "estimated_cost_usd": 2.737022623896599,
        "cache_path": "outputs/eval_cache_pg_full/granite33_2b_ft.jsonl"
      }
    },
    "ensemble_ft": {
      "key_fact_f1": 0.00026666666666666673,
      "key_fact_precision": 0.0002666666666666667,
      "key_fact_recall": 0.0002666666666666667,
      "token_f1": 0.07105170238971985,
      "rouge_l": 0.047070272438496034,
      "valid_json_rate": 0.21866666666666668,
      "structure_compliance_rate": 0.21866666666666668,
      "valid_bullet_count_rate": 0.21866666666666668,
      "valid_key_fact_count_rate": 0.21866666666666668,
      "agreement_rate": 0.0014603174603174602,
      "avg_agreement_per_example": 0.2201269841269841,
      "key_fact_f1_variance": 5.3262222222222245e-05,
      "examples": 750,
      "failure_case_count": 0,
      "latency_sec_total": 9601.550783872604,
      "examples_per_sec": 0.07811238172689242,
      "tokens_per_example": 476.74666666666667,
      "total_generated_tokens": 357560,
      "gpu_hours": 2.6670974399646123,
      "estimated_cost_usd": 4.800775391936303
    }
  }
}